Update at Sun Jun 22 15:51:20 UTC 2025
Update at Sun Jun 22 15:53:03 UTC 2025
Update at Sun Jun 22 15:53:14 UTC 2025
Update at Sun Jun 22 21:34:11 UTC 2025
Update at Mon Jun 23 21:35:40 UTC 2025
Update at Tue Jun 24 21:36:05 UTC 2025
Update at Wed Jun 25 21:36:37 UTC 2025
Update at Thu Jun 26 21:35:54 UTC 2025
Update at Fri Jun 27 21:34:11 UTC 2025
Update at Sat Jun 28 21:33:54 UTC 2025
Update at Sun Jun 29 21:33:36 UTC 2025
Update at Mon Jun 30 21:35:32 UTC 2025
Update at Tue Jul  1 21:36:02 UTC 2025
Update at Wed Jul  2 21:35:51 UTC 2025
Update at Thu Jul  3 21:35:17 UTC 2025
Update at Fri Jul  4 21:34:23 UTC 2025
Update at Sat Jul  5 21:34:01 UTC 2025
Update at Sun Jul  6 21:33:58 UTC 2025
Update at Mon Jul  7 21:32:40 UTC 2025
Update at Tue Jul  8 21:36:25 UTC 2025
Update at Wed Jul  9 21:36:41 UTC 2025
Update at Thu Jul 10 21:37:38 UTC 2025
Update at Fri Jul 11 21:36:10 UTC 2025
